{"stat.walkOneCm":1851,"stat.leaveGame":4,"stat.useItem.ironchest.iron_chest":1,"stat.drop.ironchest.iron_chest":64,"stat.useItem.minecraft.lava_bucket":4,"stat.flyOneCm":8615,"stat.drop":2,"stat.jump":7,"stat.swimOneCm":62,"stat.playOneMinute":10530,"stat.sneakTime":259,"stat.crouchOneCm":213,"stat.timeSinceDeath":10530,"stat.pickup.minecraft.sapling":9,"stat.sprintOneCm":1077,"stat.useItem.minecraft.stone_slab2":151,"stat.drop.minecraft.grass":1,"stat.diveOneCm":915,"stat.useItem.minecraft.water_bucket":3}