{"stat.walkOneCm":1316,"stat.leaveGame":1,"stat.useItem.ironchest.iron_chest":1,"stat.drop.ironchest.iron_chest":64,"stat.useItem.minecraft.lava_bucket":4,"stat.flyOneCm":8370,"stat.drop":2,"stat.jump":3,"stat.swimOneCm":62,"stat.playOneMinute":8709,"stat.sneakTime":171,"stat.crouchOneCm":61,"stat.timeSinceDeath":8709,"stat.pickup.minecraft.sapling":9,"stat.sprintOneCm":367,"stat.useItem.minecraft.stone_slab2":151,"stat.drop.minecraft.grass":1,"stat.diveOneCm":915,"stat.useItem.minecraft.water_bucket":3}